{"cameraMode":{"drawMode":0,"name":"Shaded","section":"Shading Mode"},"sceneLighting":true,"audioPlay":false,"sceneViewState":{"m_AlwaysRefresh":false,"showFog":true,"showSkybox":true,"showFlares":true,"showImageEffects":true,"showParticleSystems":true,"showVisualEffectGraphs":true,"m_FxEnabled":true},"in2DMode":false,"pivot":{"x":0.15345841646194459,"y":0.40389204025268557,"z":-1.9143948554992676},"rotation":{"x":-0.0078009869903326038,"y":0.05606013908982277,"z":-0.0003761214902624488,"w":-0.9983522891998291},"size":3.1741199493408205,"orthographic":false}